<ImportExportXml xmlns:xsi="http://www.w3.org/2001/XMLSchema-instance" OrganizationVersion="9.2.25082.171" OrganizationSchemaType="Standard" CRMServerServiceabilityVersion="9.2.25082.00171">
  <Entities></Entities>
  <Roles></Roles>
  <Workflows>
    <Workflow WorkflowId="{0a68dde9-3463-4aa3-95fc-97dd70264874}" Name="BOT SIGUELO  BUENAS PRACTICAS">
      <JsonFileName>/Workflows/BOTSIGUELOBUENASPRACTICAS-0A68DDE9-3463-4AA3-95FC-97DD70264874.json</JsonFileName>
      <Type>1</Type>
      <Subprocess>0</Subprocess>
      <Category>6</Category>
      <Mode>0</Mode>
      <Scope>4</Scope>
      <OnDemand>0</OnDemand>
      <TriggerOnCreate>0</TriggerOnCreate>
      <TriggerOnDelete>0</TriggerOnDelete>
      <AsyncAutodelete>0</AsyncAutodelete>
      <SyncWorkflowLogOnFailure>0</SyncWorkflowLogOnFailure>
      <StateCode>1</StateCode>
      <StatusCode>2</StatusCode>
      <RunAs>1</RunAs>
      <IsTransacted>1</IsTransacted>
      <IntroducedVersion>1.0</IntroducedVersion>
      <IsCustomizable>1</IsCustomizable>
      <BusinessProcessType>0</BusinessProcessType>
      <UIFlowType>2</UIFlowType>
      <IsCustomProcessingStepAllowedForOtherPublishers>1</IsCustomProcessingStepAllowedForOtherPublishers>
      <ModernFlowType>0</ModernFlowType>
      <Metadata>{"clientversion":"2.59.00104.25212","isvalid":true,"$schema":"https://schema.management.azure.com/providers/Microsoft.Logic/schemas/2016-06-01/workflowdefinition.json#","schemaVersion":"ROBIN_20211012","containsActiveConnections":false,"containsGptPredictActions":false,"containsActiveCopilotActions":false,"containsActiveWorkQueuesActions":false,"containsActiveLogMessageActions":false,"containsActiveCredentialsActions":false,"multipleRequestsState":0,"scriptType":0,"disableScreenshotCaptureOnError":false,"missingUiElementRepairType":1,"flowTimeout":null,"screenResolution":null,"flowLogsVerbosity":null}</Metadata>
      <Inputs>{"schema":null}</Inputs>
      <Outputs>{"schema":null}</Outputs>
      <Dependencies>{"childFlows":[],"workQueues":[],"environmentVariables":[],"requiredBinaries":["c80e2f28-5ed7-454a-b0b3-ea831adfd222","1923ec31-0172-4ff7-9057-1bec10dc32f1","3cafff2c-b419-448b-b8b7-20558a5677f6","f3a6e855-95ab-4ca7-87b0-bf612a3c2e0c"]}</Dependencies>
      <ConnectionReferences>[]</ConnectionReferences>
      <Definition>"@@ConnectionString: ''\r\n@@Type: 'Local'\r\n@@DesktopType: 'local'\r\n@@DisplayName: 'Equipo local'\r\nIMPORT 'controlRepo.appmask' AS appmask\r\nIMPORT 'imageRepo.imgrepo' AS imgrepo\r\n@SENSITIVE: []\r\nDISABLE CALL CerrarAplicaciones\r\nCALL Config\r\nCALL IniciarVariables\r\nIF (File.IfFile.Exists File: Ruta_TiveCompleta) THEN\r\n    CALL TrabajarExcel\r\n    CALL InsertarDatosWeb\r\n    Compression.ZipFiles ArchivePath: $'''C:\\\\Robots\\\\TarjetasYplacas\\\\Screenshots\\\\foto.zip''' FilesOrFoldersToZip: $'''C:\\\\Robots\\\\TarjetasYplacas\\\\Screenshots\\\\errores\\\\''' CompressionLevel: Compression.CompressionLevel.BestBalanceOfSpeedAndCompression ArchiveComment: $'''''' ZipFile=&gt; ZipFile\r\n    CALL CorreoCapturas\r\nEND\r\nIF (File.IfFile.DoesNotExist File: Ruta_TiveCompleta) THEN\r\n    CALL CorreoNoejecucion\r\nEND\r\nFUNCTION Config GLOBAL\r\n    SET v_ruta_config TO $'''C:\\\\Robots\\\\TarjetasYplacas\\\\Config.xlsx'''\r\n    Scripting.RunVBScript.RunVBScript VBScriptCode: $'''\r\nSet objExcel = CreateObject(\\\"Excel.Application\\\")\r\nSet objWorkbook = objExcel.Workbooks.Open(\\\"%v_ruta_config%\\\")\r\nSet objSheet = objWorkbook.Worksheets(\\\"Config\\\")\r\n\r\nintRow = 2 \\'start at row 2 since row 1 has column headers\r\nstrOutput = \\\"\\\"\r\n\r\nDo While objSheet.Cells(intRow, 1).Value &lt;&gt; \\\"\\\"\r\n    strKey = objSheet.Cells(intRow, 1).Value\r\n    strValue = objSheet.Cells(intRow, 2).Value\r\n    strValue = Replace(strValue, \\\"\\\\\\\", \\\"\\\\\\\\\\\") \\'replace \\\\ with \\\\\\\\\r\n    strOutput = strOutput &amp; \\\"\\\"\\\"\\\" &amp; strKey &amp; \\\"\\\"\\\": \\\"\\\"\\\" &amp; strValue &amp; \\\"\\\"\\\",\\\"\r\n    intRow = intRow + 1\r\nLoop\r\n\r\nstrOutput = Left(strOutput, Len(strOutput) - 1) \\'remove the trailing comma\r\nstrOutput = \\\"{\\\" &amp; strOutput &amp; \\\"}\\\"\r\n\r\nWScript.Echo strOutput \\'output to the console\r\n\r\nobjWorkbook.Close False\r\nobjExcel.Quit''' ScriptOutput=&gt; v_llamarConfig\r\n    Variables.ConvertJsonToCustomObject Json: v_llamarConfig CustomObject=&gt; DicConfig\r\nEND FUNCTION\r\nFUNCTION IniciarVariables GLOBAL\r\n    **REGION variables\r\n    SET LinkSiguelo TO DicConfig['LinkSiguelo ']\r\n    SET correoBot TO DicConfig['correoBot']\r\n    SET correoErrorSoporte TO DicConfig['correoToSoporte']\r\n    SET Ruta_TiveCompleta TO DicConfig['ruta_tive']\r\n    SET destinatario TO DicConfig['destinatarioError']\r\n    **ENDREGION\r\n    **REGION ContenidoCorreo\r\n    SET sujeto_error TO DicConfig['SubjectError']\r\n    SET body_error TO DicConfig['bodyError']\r\n    SET sujeto TO DicConfig['sujeto']\r\n    SET sujetoArchivo TO DicConfig['sujetoarchivo']\r\n    **ENDREGION\r\nEND FUNCTION\r\nFUNCTION TrabajarExcel GLOBAL\r\n    Excel.LaunchExcel.LaunchAndOpenUnderExistingProcess Path: Ruta_TiveCompleta Visible: True ReadOnly: False UseMachineLocale: False Instance=&gt; AbrirExcel\r\n    SET NombreHoja TO $'''Hoja1'''\r\n    Excel.ReadFromExcel.ReadAllCells Instance: AbrirExcel GetCellContentsMode: Excel.GetCellContentsMode.TypedValues FirstLineIsHeader: True RangeValue=&gt; DataTive\r\n    DISABLE BLOCK SeguirFuncion\r\nON BLOCK ERROR\r\n    CALL AbrirExcel\r\n    THROW ERROR\r\nEND\r\n        LOOP FOREACH fila IN DataTive\r\n            CALL 'Variables _iteracion'\r\n            IF IsBlank(ValoOficina) THEN\r\n                CALL EscribirErrorTrabajarExcel\r\n            END\r\n            IF IsBlank(ValorAño) THEN\r\n                CALL EscribirErrorTrabajarExcel\r\n            END\r\n            IF IsBlank(ValorPlaca) THEN\r\n                CALL EscribirErrorTrabajarExcel\r\n            END\r\n            IF IsBlank(ValorTitulo) THEN\r\n                CALL EscribirErrorTrabajarExcel\r\n            END\r\n            IF IsBlank(ValorCodigo) THEN\r\n                CALL EscribirErrorTrabajarExcel\r\n            END\r\n            CALL EscribirCompletado\r\n            Excel.SaveExcel.Save Instance: AbrirExcel\r\n        END\r\n        Excel.CloseExcel.Close Instance: AbrirExcel\r\n    DISABLE END\r\nEND FUNCTION\r\nFUNCTION 'Variables _iteracion' GLOBAL\r\n    SET ValoOficina TO fila['Oficina Registral']\r\n    SET ValorAño TO fila['AÑO']\r\n    SET ValorTitulo TO fila['TITULO']\r\n    SET ValorPlaca TO fila['PLACA']\r\n    SET ValorCodigo TO fila['CODIGO']\r\n    SET ValorEstado TO fila['Estado']\r\n    SET ValorId TO fila['id']\r\nEND FUNCTION\r\nFUNCTION EscribirErrorTrabajarExcel GLOBAL\r\n    Excel.WriteToExcel.WriteCell Instance: AbrirExcel Value: $'''Fallido''' Column: 8 Row: ValorId\r\n    Excel.WriteToExcel.WriteCell Instance: AbrirExcel Value: $'''El campo esta vacio''' Column: 9 Row: ValorId\r\n    Workstation.TakeScreenshot.TakeScreenshotOfForegroundWindowAndSaveToFile File: $'''C:\\\\Robots\\\\TarjetasYplacas\\\\Screenshots\\\\errores\\\\%ValorPlaca%.png''' ImageFormat: System.ImageFormat.Png\r\n    Excel.SaveExcel.Save Instance: AbrirExcel\r\n    NEXT LOOP\r\nEND FUNCTION\r\nFUNCTION EscribirCompletado GLOBAL\r\n    Excel.WriteToExcel.WriteCell Instance: AbrirExcel Value: $'''Completado''' Column: 8 Row: ValorId\r\n    Excel.SaveExcel.Save Instance: AbrirExcel\r\nEND FUNCTION\r\nFUNCTION InsertarDatosWeb GLOBAL\r\n    Excel.LaunchExcel.LaunchAndOpenUnderExistingProcess Path: Ruta_TiveCompleta Visible: True ReadOnly: False UseMachineLocale: False Instance=&gt; AbrirExcel\r\n    SET NombreHoja TO $'''Hoja1'''\r\n    Excel.ReadFromExcel.ReadAllCells Instance: AbrirExcel GetCellContentsMode: Excel.GetCellContentsMode.TypedValues FirstLineIsHeader: True RangeValue=&gt; DataTable\r\n    Variables.FilterDataTable DataTable: DataTable FilterParameters: { ^['RULE', 'COLUMN', 'OPERATOR', 'VALUE'], [$'''''', 8, $'''IsBlank''', ValorEstado] } MatchCase: True FilteredDataTable=&gt; fitroTabla\r\n    LOOP FOREACH fila IN fitroTabla\r\n        BLOCK Captura_Error\r\nON BLOCK ERROR all\r\n    CALL capturaWeb\r\n    NEXT ACTION\r\nEND\r\n            CALL 'Variables _iteracion'\r\n            CALL loginwebSiguelo\r\n            WAIT (UIAutomation.WaitForWindowContent.WindowToContainElement Element: appmask['Window \\'Siguelo - Google Chrome\\' 2']['Text \\'Número de Título\\'']) FOR 5\r\n            CALL sigueloIngresoDatos\r\n            IF (UIAutomation.IfWindowContains.WindowContainsElementInState Element: appmask['Window \\'Siguelo - Google Chrome\\'']['Button \\'Guardar\\''] State: UIAutomation.State.Enabled) THEN\r\n                DISABLE UIAutomation.PopulateTextField.PopulateTextField TextField: appmask['Window \\'Siguelo - Google Chrome\\'']['Edit \\'Nombre de archivo:\\''] Text: $'''C:\\\\Robots\\\\TarjetasYplacas\\\\Data\\\\Output\\\\%ValorPlaca%.pdf\r\n''' Mode: UIAutomation.PopulateTextMode.Replace ClickType: UIAutomation.PopulateMouseClickType.SingleClick\r\n                MouseAndKeyboard.SendKeys.FocusAndSendKeysByControl Control: appmask['Window \\'Siguelo - Google Chrome\\' 2']['Edit \\'Nombre de archivo:\\''] TextToSend: $'''C:\\\\Robots\\\\TarjetasYplacas\\\\Data\\\\Output\\\\%ValorPlaca%.pdf{Enter}''' DelayBetweenKeystrokes: 10 SendTextAsHardwareKeys: False\r\n                DISABLE UIAutomation.PressButton Button: appmask['Window \\'Siguelo - Google Chrome\\' 2']['Button \\'Guardar\\''] Simulate: False\r\n                MouseAndKeyboard.MoveMouseToTextOnScreenWithOCR.WaitForTextToAppearAndClickTextOnScreenWithWindowsOcr TextToFind: $'''Guardar''' IsRegEx: False WindowsOcrLanguage: MouseAndKeyboard.WindowsOcrLanguage.Spanish Occurence: 1 SearchForTextOn: MouseAndKeyboard.SearchTarget.ForegroundWindow ImageWidthMultiplier: 1 ImageHeightMultiplier: 1 MovementStyle: MouseAndKeyboard.MovementStyle.Instant Timeout: 5 ClickType: MouseAndKeyboard.ClickType.LeftClick SecondsBeforeClicking: 1 PositionRelativeToText: MouseAndKeyboard.PositionOnImage.MiddleCenter OffsetX: 0 OffsetY: 0\r\n            END\r\n            IF (UIAutomation.IfWindowContains.WindowContainsElementInState Element: appmask['Window \\'Siguelo - Google Chrome\\' 2']['Window \\'swal2-popup swal2-modal swal2-show\\''] State: UIAutomation.State.Enabled) THEN\r\n                CALL ComentarioCaptura\r\n            END\r\n            CALL EscribirExitoso\r\n            WebAutomation.CloseWebBrowser BrowserInstance: sunarp\r\n        END\r\n    END\r\nEND FUNCTION\r\nFUNCTION loginwebSiguelo GLOBAL\r\n    **REGION login\r\n    WebAutomation.LaunchChrome.LaunchChrome Url: $'''https://sigueloplus.sunarp.gob.pe/siguelo/''' WindowState: WebAutomation.BrowserWindowState.Maximized ClearCache: False ClearCookies: False WaitForPageToLoadTimeout: 60 Timeout: 60 PiPUserDataFolderMode: WebAutomation.PiPUserDataFolderModeEnum.AutomaticProfile TargetDesktop: $'''{\\\"DisplayName\\\":\\\"Equipo local\\\",\\\"Route\\\":{\\\"ServerType\\\":\\\"Local\\\",\\\"ServerAddress\\\":\\\"\\\"},\\\"DesktopType\\\":\\\"local\\\"}''' BrowserInstance=&gt; sunarp\r\n    WebAutomation.SelectRadioButton.SelectRadioButton BrowserInstance: sunarp Control: appmask['Web Page \\'https://sigueloplus.sunarp.gob.pe/siguelo/\\'']['Button \\'Acepto\\' 2'] WaitForPageToLoadTimeout: 60\r\n    WebAutomation.Click.Click BrowserInstance: sunarp Control: appmask['Web Page \\'https://sigueloplus.sunarp.gob.pe/siguelo/\\'']['Select \\'Seleccione Oficina\\' 4'] ClickType: WebAutomation.ClickType.LeftClick MouseClick: True WaitForPageToLoadTimeout: 60 MousePositionRelativeToElement: WebAutomation.RectangleEdgePoint.MiddleCenter OffsetX: 0 OffsetY: 0\r\n    WebAutomation.SetDropDownListValue.SetDropDownListValueByName BrowserInstance: sunarp Control: appmask['Web Page \\'https://sigueloplus.sunarp.gob.pe/siguelo/\\'']['Select \\'Seleccione Oficina\\' 2'] OptionNames: ValoOficina UseRegularExpression: False WaitForPageToLoadTimeout: 60\r\n    WebAutomation.Click.Click BrowserInstance: sunarp Control: appmask['Web Page \\'https://sigueloplus.sunarp.gob.pe/siguelo/\\'']['Select \\'Seleccione año\\' 3'] ClickType: WebAutomation.ClickType.LeftClick MouseClick: True WaitForPageToLoadTimeout: 60 MousePositionRelativeToElement: WebAutomation.RectangleEdgePoint.MiddleCenter OffsetX: 0 OffsetY: 0\r\n    UIAutomation.SetDropDownListValueInWindow.SetDropDownListValueByName DropDownList: appmask['Window \\'Siguelo - Google Chrome\\' 2']['Combo Box \\'Año de  ...  de seguridad\\''] OptionsNames: ValorAÑO UseRegularExpressions: True\r\n    WebAutomation.PopulateTextField.PopulateTextFieldUsePhysicalKeyboard BrowserInstance: sunarp Control: appmask['Web Page \\'https://sigueloplus.sunarp.gob.pe/siguelo/\\'']['Input number \\'numeroTitulo\\''] Text: ValorTITULO Mode: WebAutomation.PopulateTextMode.Replace UnfocusAfterPopulate: True WaitForPageToLoadTimeout: 60\r\n    UIAutomation.Click.Click Element: appmask['Window \\'Siguelo - Google Chrome\\' 2']['Button \\'BUSCAR\\''] ClickType: UIAutomation.ClickType.LeftClick MousePositionRelativeToElement: UIAutomation.RectangleEdgePoint.MiddleCenter OffsetX: 0 OffsetY: 0\r\n    **ENDREGION\r\nEND FUNCTION\r\nFUNCTION sigueloIngresoDatos GLOBAL\r\n    DISABLE WAIT (UIAutomation.WaitForWindowContent.WindowToContainElement Element: appmask['Window \\'Siguelo - Google Chrome\\' 2']['Text \\'Número de Título\\''])\r\n    **REGION ingresoDatosweb2\r\n    UIAutomation.Click.Click Element: appmask['Window \\'Siguelo - Google Chrome\\' 2']['Hyperlink \\' Acceder al asiento de inscripción y TIVE\\''] ClickType: UIAutomation.ClickType.LeftClick MousePositionRelativeToElement: UIAutomation.RectangleEdgePoint.MiddleCenter OffsetX: 0 OffsetY: 0\r\n    WebAutomation.SelectRadioButton.SelectRadioButton BrowserInstance: sunarp Control: appmask['Web Page \\'https://sigueloplus.sunarp.gob.pe/siguelo/titulo\\'']['Span \\'list_alt Acceder al asiento de inscripción y TIVE\\''] WaitForPageToLoadTimeout: 60\r\n    WebAutomation.SelectRadioButton.SelectRadioButton BrowserInstance: sunarp Control: appmask['Web Page \\'https://sigueloplus.sunarp.gob.pe/siguelo/titulo\\'']['Button \\'vertical_align_bottom\\''] WaitForPageToLoadTimeout: 60\r\n    WebAutomation.PopulateTextField.PopulateTextFieldUsePhysicalKeyboard BrowserInstance: sunarp Control: appmask['Web Page \\'https://sigueloplus.sunarp.gob.pe/siguelo/titulo\\'']['Input text 2'] Text: ValorPLACA Mode: WebAutomation.PopulateTextMode.Replace UnfocusAfterPopulate: True WaitForPageToLoadTimeout: 60\r\n    UIAutomation.Click.Click Element: appmask['Window \\'Siguelo - Google Chrome\\' 2']['Button \\'Siguiente →\\''] ClickType: UIAutomation.ClickType.LeftClick MousePositionRelativeToElement: UIAutomation.RectangleEdgePoint.MiddleCenter OffsetX: 0 OffsetY: 0\r\n    WebAutomation.PopulateTextField.PopulateTextFieldUsePhysicalKeyboard BrowserInstance: sunarp Control: appmask['Web Page \\'https://sigueloplus.sunarp.gob.pe/siguelo/titulo\\'']['Input text 3'] Text: ValorCODIGO Mode: WebAutomation.PopulateTextMode.Replace UnfocusAfterPopulate: True WaitForPageToLoadTimeout: 60\r\n    UIAutomation.Click.Click Element: appmask['Window \\'Siguelo - Google Chrome\\' 2']['Button \\'Siguiente →\\''] ClickType: UIAutomation.ClickType.LeftClick MousePositionRelativeToElement: UIAutomation.RectangleEdgePoint.MiddleCenter OffsetX: 0 OffsetY: 0\r\n    **ENDREGION\r\nEND FUNCTION\r\nFUNCTION EscribirExitoso GLOBAL\r\n    Excel.WriteToExcel.WriteCell Instance: AbrirExcel Value: $'''Exitoso''' Column: 8 Row: ValorId\r\n    Excel.SaveExcel.Save Instance: AbrirExcel\r\nEND FUNCTION\r\nFUNCTION GuardarPdf GLOBAL\r\n    DISABLE UIAutomation.PopulateTextField.PopulateTextField TextField: `` Text: $'''C:\\\\Robots\\\\TarjetasYplacas\\\\%ValorPlaca%tive.pdf\r\n\r\n''' Mode: UIAutomation.PopulateTextMode.Replace ClickType: UIAutomation.PopulateMouseClickType.SingleClick\r\nEND FUNCTION\r\nFUNCTION AbrirExcel GLOBAL\r\n    Excel.LaunchExcel.LaunchUnderExistingProcess Visible: True UseMachineLocale: False Instance=&gt; ExcelInstance\r\n    Excel.SaveExcel.Save Instance: AbrirExcel\r\nEND FUNCTION\r\nFUNCTION ComentarioCaptura GLOBAL\r\n    UIAutomation.ExtractDataFromWindow.ExtractData Control: appmask['Window \\'Siguelo - Google Chrome\\' 2']['Data Item \\'No se  ...  son correctos.\\''] BringToFront: True ExtractedData=&gt; ValorComentario\r\n    Excel.WriteToExcel.WriteCell Instance: AbrirExcel Value: ValorComentario Column: 9 Row: ValorId\r\n    Excel.SaveExcel.Save Instance: AbrirExcel\r\n    WebAutomation.CloseWebBrowser BrowserInstance: sunarp\r\n    DISABLE CALL CorreoCapturas\r\n    NEXT LOOP\r\nEND FUNCTION\r\nFUNCTION capturaWeb GLOBAL\r\n    Workstation.TakeScreenshot.TakeScreenshotOfForegroundWindowAndSaveToFile File: $'''C:\\\\Robots\\\\TarjetasYplacas\\\\Screenshots\\\\errores\\\\%ValorPlaca%.png''' ImageFormat: System.ImageFormat.Png\r\n    ERROR =&gt; LastError\r\n    Excel.WriteToExcel.WriteCell Instance: AbrirExcel Value: $'''Fallido''' Column: 8 Row: ValorId\r\n    Excel.WriteToExcel.WriteCell Instance: AbrirExcel Value: LastError Column: 9 Row: ValorId\r\n    Excel.SaveExcel.Save Instance: AbrirExcel\r\n    DISABLE CALL CorreoCapturas\r\nEND FUNCTION\r\nFUNCTION CorreoCapturas GLOBAL\r\n    Outlook.Launch Instance=&gt; OutlookInstance\r\n    Outlook.SendEmailThroughOutlook.SendEmail Instance: OutlookInstance Account: correoBot SendTo: destinatario Subject: $'''Captura''' Body: $'''Buenas tardes %sujeto%''' IsBodyHtml: False IsDraft: False Attachments: ZipFile\r\n    Outlook.Close Instance: OutlookInstance\r\nEND FUNCTION\r\nFUNCTION CorreoNoejecucion GLOBAL\r\n    Outlook.Launch Instance=&gt; OutlookInstance\r\n    Outlook.SendEmailThroughOutlook.SendEmail Instance: OutlookInstance Account: correoBot SendTo: destinatario Subject: sujeto_error Body: $''' Buenas Tardes  %sujetoArchivo%''' IsBodyHtml: False IsDraft: False\r\n    Outlook.Close Instance: OutlookInstance\r\nEND FUNCTION\r\nFUNCTION CerrarAplicaciones GLOBAL\r\n    Scripting.RunPowershellScript.RunPowershellScript Script: $'''# Obtener el proceso de Excel\r\n$excelProcess = Get-Process | Where-Object { $_.ProcessName -eq \\\"CHROME\\\" }\r\n\r\n# Verificar si se encontró un proceso de Excel\r\nif ($excelProcess) {\r\n    # Finalizar el proceso de Excel\r\n    Stop-Process -Id $excelProcess.Id -Force\r\n    Write-Host \\\"Proceso de Excel finalizado correctamente.\\\"\r\n} else {\r\n    Write-Host \\\"No se encontró ningún proceso de Excel en ejecución.\\\"\r\n}\r\n''' ScriptOutput=&gt; PowershellOutput\r\n    Scripting.RunPowershellScript.RunPowershellScript Script: $'''# Obtener el proceso de Excel\r\n$excelProcess = Get-Process | Where-Object { $_.ProcessName -eq \\\"EXCEL\\\" }\r\n\r\n# Verificar si se encontró un proceso de Excel\r\nif ($excelProcess) {\r\n    # Finalizar el proceso de Excel\r\n    Stop-Process -Id $excelProcess.Id -Force\r\n    Write-Host \\\"Proceso de Excel finalizado correctamente.\\\"\r\n} else {\r\n    Write-Host \\\"No se encontró ningún proceso de Excel en ejecución.\\\"\r\n}\r\n''' ScriptOutput=&gt; PowershellOutput\r\nEND FUNCTION\r\n"</Definition>
      <SchemaVersion>2022.07</SchemaVersion>
      <Claims>[{"name":"selfheal"}]</Claims>
      <DesktopFlowModules>[]</DesktopFlowModules>
      <Credentials>[]</Credentials>
      <PrimaryEntity>none</PrimaryEntity>
      <LocalizedNames>
        <LocalizedName languagecode="3082" description="BOT SIGUELO  BUENAS PRACTICAS" />
      </LocalizedNames>
    </Workflow>
    <Workflow WorkflowId="{e59ea2eb-6217-45ff-b65c-d2b9461b63f2}" Name="BOTSIGUELO">
      <JsonFileName>/Workflows/BOTSIGUELO-E59EA2EB-6217-45FF-B65C-D2B9461B63F2.json</JsonFileName>
      <Type>1</Type>
      <Subprocess>0</Subprocess>
      <Category>6</Category>
      <Mode>0</Mode>
      <Scope>4</Scope>
      <OnDemand>0</OnDemand>
      <TriggerOnCreate>0</TriggerOnCreate>
      <TriggerOnDelete>0</TriggerOnDelete>
      <AsyncAutodelete>0</AsyncAutodelete>
      <SyncWorkflowLogOnFailure>0</SyncWorkflowLogOnFailure>
      <StateCode>1</StateCode>
      <StatusCode>2</StatusCode>
      <RunAs>1</RunAs>
      <IsTransacted>1</IsTransacted>
      <IntroducedVersion>1.0</IntroducedVersion>
      <IsCustomizable>1</IsCustomizable>
      <BusinessProcessType>0</BusinessProcessType>
      <UIFlowType>2</UIFlowType>
      <IsCustomProcessingStepAllowedForOtherPublishers>1</IsCustomProcessingStepAllowedForOtherPublishers>
      <ModernFlowType>0</ModernFlowType>
      <Metadata>{"clientversion":"2.59.00104.25212","isvalid":true,"$schema":"https://schema.management.azure.com/providers/Microsoft.Logic/schemas/2016-06-01/workflowdefinition.json#","schemaVersion":"ROBIN_20211012","containsActiveConnections":false,"containsGptPredictActions":false,"containsActiveCopilotActions":false,"containsActiveWorkQueuesActions":false,"containsActiveLogMessageActions":false,"containsActiveCredentialsActions":false,"multipleRequestsState":0,"scriptType":0,"disableScreenshotCaptureOnError":false,"missingUiElementRepairType":1,"flowTimeout":null,"screenResolution":null,"flowLogsVerbosity":null}</Metadata>
      <Inputs>{"schema":null}</Inputs>
      <Outputs>{"schema":null}</Outputs>
      <Dependencies>{"childFlows":[],"workQueues":[],"environmentVariables":[],"requiredBinaries":["97ed2702-6496-42d3-821f-84b17d3d4c55","74f10b45-6ec0-4be9-9d4c-8e47246bf746","b6b939bc-f026-4516-9a64-23d5cf6fb6d1","c08015ba-21c7-4cbb-97f0-78cc02d62ce0"]}</Dependencies>
      <ConnectionReferences>[]</ConnectionReferences>
      <Definition>"@@ConnectionString: ''\r\n@@Type: 'Local'\r\n@@DesktopType: 'local'\r\n@@DisplayName: 'Equipo local'\r\nIMPORT 'controlRepo.appmask' AS appmask\r\nIMPORT 'imageRepo.imgrepo' AS imgrepo\r\n@SENSITIVE: []\r\nCALL CerrarAplicaciones\r\nCALL Config\r\nCALL IniciarVariables\r\nDISABLE CALL PRUEBA\r\nIF (File.IfFile.Exists File: RutaTiveCompleta) THEN\r\n    CALL TrabajarExcel\r\n    CALL InsertarDatosLogin\r\nEND\r\nCALL CorreoGeneral\r\nFUNCTION Abrir_Leer_Tabla GLOBAL\r\n    DISABLE CALL IniciarVariables\r\n    Excel.LaunchExcel.LaunchAndOpenUnderExistingProcess Path: RutaTiveCompleta Visible: True ReadOnly: False UseMachineLocale: False Instance=&gt; ExcelInstance\r\n    SET NombreHoja TO $'''Hoja1'''\r\n    Excel.ReadFromExcel.ReadAllCells Instance: ExcelInstance GetCellContentsMode: Excel.GetCellContentsMode.TypedValues FirstLineIsHeader: True RangeValue=&gt; ExcelData\r\nEND FUNCTION\r\nFUNCTION TrabajarExcel GLOBAL\r\n    CALL Abrir_Leer_Tabla\r\n    LOOP FOREACH fila IN ExcelData\r\n        BLOCK CONTROLADOR\r\nON BLOCK ERROR\r\n    CALL EscribirError\r\n    CALL CorreoGeneral\r\nEND\r\n            **REGION ACTIVIDADES\r\n            CALL Variable_valores_Tabla\r\n            IF IsBlank(ValorOficina) THEN\r\n                CALL EscribirError\r\n            END\r\n            DISABLE UIAutomation.Click.Click Element: appmask['Window \\'Google - Google Chrome\\'']['Combo Box \\'Buscar\\''] ClickType: UIAutomation.ClickType.LeftClick MousePositionRelativeToElement: UIAutomation.RectangleEdgePoint.MiddleCenter OffsetX: 0 OffsetY: 0\r\n            IF IsBlank(ValorAño) THEN\r\n                CALL EscribirError\r\n            END\r\n            IF IsBlank(ValorTitulo) THEN\r\n                CALL EscribirError\r\n            END\r\n            IF IsBlank(ValorOficina) THEN\r\n                CALL EscribirError\r\n            END\r\n            IF IsBlank(ValorPlaca) THEN\r\n                CALL EscribirError\r\n            END\r\n            IF IsBlank(ValorTitulo) THEN\r\n                CALL EscribirError\r\n            END\r\n            CALL EscribirCompletado\r\n            **ENDREGION\r\n            DISABLE NEXT LOOP\r\n        END\r\n    END\r\nEND FUNCTION\r\nFUNCTION EscribirError GLOBAL\r\n    CALL Abrir_Leer_Tabla\r\n    Excel.WriteToExcel.WriteCell Instance: ExcelInstance Value: $'''Fallido''' Column: 8 Row: ValorId\r\n    Excel.SaveExcel.Save Instance: ExcelInstance\r\n    Excel.CloseExcel.Close Instance: ExcelInstance\r\n    DISABLE NEXT LOOP\r\nEND FUNCTION\r\nFUNCTION EscribirCompletado GLOBAL\r\n    CALL Abrir_Leer_Tabla\r\n    Excel.WriteToExcel.WriteCell Instance: ExcelInstance Value: $'''Completado''' Column: 8 Row: ValorId\r\n    Excel.SaveExcel.Save Instance: ExcelInstance\r\n    Excel.CloseExcel.Close Instance: ExcelInstance\r\nEND FUNCTION\r\nFUNCTION IniciarVariables GLOBAL\r\n    **REGION iniciarValores\r\n    SET correoBot TO DicConfig['correoBot']\r\n    SET RutaTiveCompleta TO $'''C:\\\\Robots\\\\TarjetasYplacas\\\\Data\\\\Input\\\\TIVES POR DESCARGAR25082025.xlsx'''\r\n    SET body TO $''' El archivo   en la ruta no se encuentra , por lo que no se puede hacer la automatizacion\r\n\r\n'''\r\n    SET destinatario TO $'''2022016523@unfv.edu.pe\r\n\r\n'''\r\n    SET asunto TO $'''Este es una prueba\r\n\r\n\r\n'''\r\n    **ENDREGION\r\nEND FUNCTION\r\nFUNCTION Variable_valores_Tabla GLOBAL\r\n    SET ValorOficina TO fila['Oficina Registral']\r\n    SET ValorAño TO fila['AÑO']\r\n    SET ValorTitulo TO fila['TITULO']\r\n    SET ValorPlaca TO fila['PLACA']\r\n    SET ValorCodigo TO fila['CODIGO']\r\n    SET ValorId TO fila['id']\r\n    SET ValorEstado TO fila['Estado']\r\n    SET ValorComentario TO fila['Comentario']\r\nEND FUNCTION\r\nFUNCTION InsertarDatosLogin GLOBAL\r\n    CALL Abrir_Leer_Tabla\r\n    LOOP FOREACH fila IN ExcelData\r\n        CALL Variable_valores_Tabla\r\n        IF StartsWith(ValorEstado, $'''Completado''', False) THEN\r\n            BLOCK Comentario\r\nON BLOCK ERROR all\r\nCALL EscribirComentario\r\nEND\r\n                WebAutomation.LaunchChrome.LaunchChrome Url: $'''https://sigueloplus.sunarp.gob.pe/siguelo/''' WindowState: WebAutomation.BrowserWindowState.Maximized ClearCache: False ClearCookies: False WaitForPageToLoadTimeout: 60 Timeout: 60 PiPUserDataFolderMode: WebAutomation.PiPUserDataFolderModeEnum.AutomaticProfile TargetDesktop: $'''{\\\"DisplayName\\\":\\\"Equipo local\\\",\\\"Route\\\":{\\\"ServerType\\\":\\\"Local\\\",\\\"ServerAddress\\\":\\\"\\\"},\\\"DesktopType\\\":\\\"local\\\"}''' BrowserInstance=&gt; sunarp\r\n                WebAutomation.SelectRadioButton.SelectRadioButton BrowserInstance: sunarp Control: appmask['Web Page \\'https://sigueloplus.sunarp.gob.pe/siguelo/\\'']['Button \\'Acepto\\' 2'] WaitForPageToLoadTimeout: 60\r\n                WebAutomation.Click.Click BrowserInstance: sunarp Control: appmask['Web Page \\'https://sigueloplus.sunarp.gob.pe/siguelo/\\'']['Select \\'Seleccione Oficina\\' 4'] ClickType: WebAutomation.ClickType.LeftClick MouseClick: True WaitForPageToLoadTimeout: 60 MousePositionRelativeToElement: WebAutomation.RectangleEdgePoint.MiddleCenter OffsetX: 0 OffsetY: 0\r\n                WebAutomation.SetDropDownListValue.SetDropDownListValueByName BrowserInstance: sunarp Control: appmask['Web Page \\'https://sigueloplus.sunarp.gob.pe/siguelo/\\'']['Select \\'Seleccione Oficina\\' 2'] OptionNames: ValorOficina UseRegularExpression: False WaitForPageToLoadTimeout: 60\r\n                WebAutomation.Click.Click BrowserInstance: sunarp Control: appmask['Web Page \\'https://sigueloplus.sunarp.gob.pe/siguelo/\\'']['Select \\'Seleccione año\\' 3'] ClickType: WebAutomation.ClickType.LeftClick MouseClick: True WaitForPageToLoadTimeout: 60 MousePositionRelativeToElement: WebAutomation.RectangleEdgePoint.MiddleCenter OffsetX: 0 OffsetY: 0\r\n                DISABLE UIAutomation.Click.Click Element: appmask['Window \\'Siguelo - Google Chrome\\' 2']['Button \\'BUSCAR\\''] ClickType: UIAutomation.ClickType.LeftClick MousePositionRelativeToElement: UIAutomation.RectangleEdgePoint.MiddleCenter OffsetX: 0 OffsetY: 0\r\n                UIAutomation.SetDropDownListValueInWindow.SetDropDownListValueByName DropDownList: appmask['Window \\'Siguelo - Google Chrome\\' 2']['Combo Box \\'Año de  ...  de seguridad\\''] OptionsNames: ValorAÑO UseRegularExpressions: True\r\n                WebAutomation.PopulateTextField.PopulateTextFieldUsePhysicalKeyboard BrowserInstance: sunarp Control: appmask['Web Page \\'https://sigueloplus.sunarp.gob.pe/siguelo/\\'']['Input number \\'numeroTitulo\\''] Text: ValorTITULO Mode: WebAutomation.PopulateTextMode.Replace UnfocusAfterPopulate: True WaitForPageToLoadTimeout: 60\r\n                UIAutomation.Click.Click Element: appmask['Window \\'Siguelo - Google Chrome\\' 2']['Button \\'BUSCAR\\''] ClickType: UIAutomation.ClickType.LeftClick MousePositionRelativeToElement: UIAutomation.RectangleEdgePoint.MiddleCenter OffsetX: 0 OffsetY: 0\r\n                WAIT (UIAutomation.WaitForWindowContent.WindowToContainElement Element: appmask['Window \\'Siguelo - Google Chrome\\' 2']['Text \\'Número de Título\\''])\r\n                UIAutomation.Click.Click Element: appmask['Window \\'Siguelo - Google Chrome\\' 2']['Hyperlink \\' Acceder al asiento de inscripción y TIVE\\''] ClickType: UIAutomation.ClickType.LeftClick MousePositionRelativeToElement: UIAutomation.RectangleEdgePoint.MiddleCenter OffsetX: 0 OffsetY: 0\r\n                WebAutomation.SelectRadioButton.SelectRadioButton BrowserInstance: sunarp Control: appmask['Web Page \\'https://sigueloplus.sunarp.gob.pe/siguelo/titulo\\'']['Span \\'list_alt Acceder al asiento de inscripción y TIVE\\''] WaitForPageToLoadTimeout: 60\r\n                WebAutomation.SelectRadioButton.SelectRadioButton BrowserInstance: sunarp Control: appmask['Web Page \\'https://sigueloplus.sunarp.gob.pe/siguelo/titulo\\'']['Button \\'vertical_align_bottom\\''] WaitForPageToLoadTimeout: 60\r\n                WebAutomation.PopulateTextField.PopulateTextFieldUsePhysicalKeyboard BrowserInstance: sunarp Control: appmask['Web Page \\'https://sigueloplus.sunarp.gob.pe/siguelo/titulo\\'']['Input text 2'] Text: ValorPLACA Mode: WebAutomation.PopulateTextMode.Replace UnfocusAfterPopulate: True WaitForPageToLoadTimeout: 60\r\n                UIAutomation.Click.Click Element: appmask['Window \\'Siguelo - Google Chrome\\' 2']['Button \\'Siguiente →\\''] ClickType: UIAutomation.ClickType.LeftClick MousePositionRelativeToElement: UIAutomation.RectangleEdgePoint.MiddleCenter OffsetX: 0 OffsetY: 0\r\n                DISABLE WAIT (UIAutomation.WaitForWindowContent.WindowToContainElement Element: appmask['Window \\'Siguelo - Google Chrome\\' 2']['Data Item \\'Asientos de Inscripción\\''])\r\n                WebAutomation.PopulateTextField.PopulateTextFieldUsePhysicalKeyboard BrowserInstance: sunarp Control: appmask['Web Page \\'https://sigueloplus.sunarp.gob.pe/siguelo/titulo\\'']['Input text 3'] Text: ValorCODIGO Mode: WebAutomation.PopulateTextMode.Replace UnfocusAfterPopulate: True WaitForPageToLoadTimeout: 60\r\n                UIAutomation.Click.Click Element: appmask['Window \\'Siguelo - Google Chrome\\' 2']['Button \\'Siguiente →\\''] ClickType: UIAutomation.ClickType.LeftClick MousePositionRelativeToElement: UIAutomation.RectangleEdgePoint.MiddleCenter OffsetX: 0 OffsetY: 0\r\n                WAIT (UIAutomation.WaitForWindowContent.WindowToContainElement Element: appmask['Window \\'Siguelo - Google Chrome\\' 2']['Button \\'Ocultar carpetas\\'']) FOR 3\r\n                CALL EscribirExitoso\r\n                CALL GuardarPDF\r\n                WebAutomation.CloseWebBrowser BrowserInstance: sunarp\r\n                DISABLE UIAutomation.ExtractDataFromWindow.ExtractData Control: appmask['Window \\'Siguelo - Google Chrome\\' 2']['Data Item \\'No se  ...  son correctos.\\''] BringToFront: True ExtractedData=&gt; ValorComentario\r\n                NEXT LOOP\r\n            END\r\n        END\r\n    END\r\nDISABLE END\r\nDISABLE WAIT (UIAutomation.WaitForWindowContent.WindowToContainElement Element: appmask['Window \\'Siguelo - Google Chrome\\' 2'])\r\nDISABLE WebAutomation.SelectRadioButton.SelectRadioButton BrowserInstance: sunarp Control: appmask['Web Page \\'https://sigueloplus.sunarp.gob.pe/siguelo/titulo\\'']['Button \\'SI\\''] WaitForPageToLoadTimeout: 60\r\nDISABLE WAIT (UIAutomation.WaitForWindowContent.WindowToContainElementInState Element: appmask['Window \\'Siguelo - Google Chrome\\' 2']['Text \\'Nombre de archivo:\\''] State: UIAutomation.State.Enabled) FOR 8\r\nEND FUNCTION\r\nFUNCTION EscribirExitoso GLOBAL\r\n    CALL Abrir_Leer_Tabla\r\n    Excel.WriteToExcel.WriteCell Instance: ExcelInstance Value: $'''Exitoso''' Column: 8 Row: ValorId\r\n    Excel.SaveExcel.Save Instance: ExcelInstance\r\n    Excel.CloseExcel.Close Instance: ExcelInstance\r\nEND FUNCTION\r\nFUNCTION CorreoGeneral GLOBAL\r\n    ERROR =&gt; LastError\r\n    Workstation.TakeScreenshot.TakeScreenshotOfForegroundWindowAndSaveToFile File: $'''C:\\\\Robots\\\\TarjetasYplacas\\\\Screenshots\\\\%ValorPlaca%.png''' ImageFormat: System.ImageFormat.Png\r\n    Outlook.Launch Instance=&gt; OutlookInstance\r\n    IF IsNotEmpty(LastError) THEN\r\n        SET body TO $'''Se presento un error: %LastError%'''\r\n        Outlook.SendEmailThroughOutlook.SendEmail Instance: OutlookInstance Account: $'''2022016523@unfv.edu.pe''' SendTo: $'''jklnuag08@gmail.com''' Subject: asunto Body: body IsBodyHtml: False IsDraft: False Attachments: $'''C:\\\\Robots\\\\TarjetasYplacas\\\\Screenshots\\\\%ValorPlaca%.png'''\r\n        SET LastError TO $'''%''%'''\r\n    ELSE\r\n        Outlook.SendEmailThroughOutlook.SendEmail Instance: OutlookInstance Account: $'''2022016523@unfv.edu.pe''' SendTo: destinatario Subject: asunto Body: $'''fin de ejecucion''' IsBodyHtml: False IsDraft: False\r\n    END\r\n    Outlook.Close Instance: OutlookInstance\r\nEND FUNCTION\r\nFUNCTION Config GLOBAL\r\n    SET v_rutaConfig TO $'''C:\\\\Robots\\\\TarjetasYplacas\\\\Config.xlsx'''\r\n    @@copilotGeneratedAction: 'False'\r\nScripting.RunVBScript.RunVBScript VBScriptCode: $'''\r\nSet objExcel = CreateObject(\\\"Excel.Application\\\")\r\nSet objWorkbook = objExcel.Workbooks.Open(\\\"%v_rutaConfig%\\\")\r\nSet objSheet = objWorkbook.Worksheets(\\\"Config\\\")\r\n\r\nintRow = 2 \\'start at row 2 since row 1 has column headers\r\nstrOutput = \\\"\\\"\r\n\r\nDo While objSheet.Cells(intRow, 1).Value &lt;&gt; \\\"\\\"\r\n    strKey = objSheet.Cells(intRow, 1).Value\r\n    strValue = objSheet.Cells(intRow, 2).Value\r\n    strValue = Replace(strValue, \\\"\\\\\\\", \\\"\\\\\\\\\\\") \\'replace \\\\ with \\\\\\\\\r\n    strOutput = strOutput &amp; \\\"\\\"\\\"\\\" &amp; strKey &amp; \\\"\\\"\\\": \\\"\\\"\\\" &amp; strValue &amp; \\\"\\\"\\\",\\\"\r\n    intRow = intRow + 1\r\nLoop\r\n\r\nstrOutput = Left(strOutput, Len(strOutput) - 1) \\'remove the trailing comma\r\nstrOutput = \\\"{\\\" &amp; strOutput &amp; \\\"}\\\"\r\n\r\nWScript.Echo strOutput \\'output to the console\r\n\r\nobjWorkbook.Close False\r\nobjExcel.Quit''' ScriptOutput=&gt; v_llamarConfig\r\n    Variables.ConvertJsonToCustomObject Json: v_llamarConfig CustomObject=&gt; DicConfig\r\nEND FUNCTION\r\nFUNCTION CerrarAplicaciones GLOBAL\r\n    Scripting.RunPowershellScript.RunPowershellScript Script: $'''# Obtener el proceso de Excel\r\n$excelProcess = Get-Process | Where-Object { $_.ProcessName -eq \\\"EXCEL\\\" }\r\n\r\n# Verificar si se encontró un proceso de Excel\r\nif ($excelProcess) {\r\n    # Finalizar el proceso de Excel\r\n    Stop-Process -Id $excelProcess.Id -Force\r\n    Write-Host \\\"Proceso de Excel finalizado correctamente.\\\"\r\n} else {\r\n    Write-Host \\\"No se encontró ningún proceso de Excel en ejecución.\\\"\r\n}\r\n''' ScriptOutput=&gt; PowershellOutput\r\n    Scripting.RunPowershellScript.RunPowershellScript Script: $'''# Obtener el proceso de Excel\r\n$excelProcess = Get-Process | Where-Object { $_.ProcessName -eq \\\"CHROME\\\" }\r\n\r\n# Verificar si se encontró un proceso de Excel\r\nif ($excelProcess) {\r\n    # Finalizar el proceso de Excel\r\n    Stop-Process -Id $excelProcess.Id -Force\r\n    Write-Host \\\"Proceso de Excel finalizado correctamente.\\\"\r\n} else {\r\n    Write-Host \\\"No se encontró ningún proceso de Excel en ejecución.\\\"\r\n}\r\n''' ScriptOutput=&gt; PowershellOutput\r\nEND FUNCTION\r\nFUNCTION PRUEBA GLOBAL\r\n    SET contador TO 0\r\n    SET boolLogin TO $'''false'''\r\n    LOOP WHILE (contador) &lt; (2)\r\n        BLOCK Controlador\r\nON BLOCK ERROR all\r\n\r\nEND\r\n            Variables.IncreaseVariable Value: contador IncrementValue: 1\r\n            WebAutomation.LaunchChrome.LaunchChrome Url: $'''https://www.google.com/''' WindowState: WebAutomation.BrowserWindowState.Maximized ClearCache: False ClearCookies: False WaitForPageToLoadTimeout: 60 Timeout: 60 PiPUserDataFolderMode: WebAutomation.PiPUserDataFolderModeEnum.AutomaticProfile TargetDesktop: $'''{\\\"DisplayName\\\":\\\"Equipo local\\\",\\\"Route\\\":{\\\"ServerType\\\":\\\"Local\\\",\\\"ServerAddress\\\":\\\"\\\"},\\\"DesktopType\\\":\\\"local\\\"}''' BrowserInstance=&gt; Browserf\r\n            UIAutomation.PopulateTextField.PopulateTextField TextField: appmask['Window \\'Facebook -  ...  - Google Chrome\\'']['Edit \\'Correo electrónico o número de teléfono\\''] Text: $'''jklnuag08@gmail.comç''' Mode: UIAutomation.PopulateTextMode.Replace ClickType: UIAutomation.PopulateMouseClickType.SingleClick\r\n            UIAutomation.PressButton Button: appmask['Window \\'Facebook -  ...  - Google Chrome\\'']['Button \\'Iniciar sesión\\''] Simulate: False\r\n            WAIT (WebAutomation.WaitForWebPageContent.WebPageToContainElement BrowserInstance: Browserf Control: appmask['Web Page \\'https://www.facebook.com/\\'']['Span \\'¿Qué estás pensando, Jackelin?\\'']) FOR 3\r\n            SET boolLogin TO $'''true'''\r\n        END\r\n    END\r\n    IF boolLogin = $'''false''' THEN\r\n        ERROR =&gt; LastError\r\n        CALL CorreoGeneral\r\n    END\r\nEND FUNCTION\r\nFUNCTION GuardarPDF GLOBAL\r\n    UIAutomation.PopulateTextField.PopulateTextField TextField: appmask['Window \\'Siguelo - Google Chrome\\'']['Edit \\'Nombre de archivo:\\''] Text: $'''C:\\\\Robots\\\\TarjetasYplacas\\\\%ValorPlaca%TIVE.PDF''' Mode: UIAutomation.PopulateTextMode.Replace ClickType: UIAutomation.PopulateMouseClickType.SingleClick\r\n    UIAutomation.Click.Click Element: appmask['Window \\'Siguelo - Google Chrome\\' 2']['Button \\'Guardar\\''] ClickType: UIAutomation.ClickType.LeftClick MousePositionRelativeToElement: UIAutomation.RectangleEdgePoint.MiddleCenter OffsetX: 0 OffsetY: 0\r\nEND FUNCTION\r\nFUNCTION EscribirComentario GLOBAL\r\n    DISABLE CALL Variable_valores_Tabla\r\n    UIAutomation.ExtractDataFromWindow.ExtractData Control: appmask['Window \\'Siguelo - Google Chrome\\' 2']['Data Item \\'No se  ...  son correctos.\\''] BringToFront: True ExtractedData=&gt; ValorComentario\r\n    CALL Abrir_Leer_Tabla\r\n    Excel.WriteToExcel.WriteCell Instance: ExcelInstance Value: ValorComentario Column: 9 Row: ValorId\r\n    Excel.SaveExcel.Save Instance: ExcelInstance\r\n    Excel.CloseExcel.Close Instance: ExcelInstance\r\n    WebAutomation.CloseWebBrowser BrowserInstance: sunarp\r\nEND FUNCTION\r\nFUNCTION Cerrar_chrome GLOBAL\r\n    Scripting.RunPowershellScript.RunPowershellScript Script: $'''# Obtener el proceso de Excel\r\n$excelProcess = Get-Process | Where-Object { $_.ProcessName -eq \\\"CHROME\\\" }\r\n\r\n# Verificar si se encontró un proceso de Excel\r\nif ($excelProcess) {\r\n    # Finalizar el proceso de Excel\r\n    Stop-Process -Id $excelProcess.Id -Force\r\n    Write-Host \\\"Proceso de Excel finalizado correctamente.\\\"\r\n} else {\r\n    Write-Host \\\"No se encontró ningún proceso de Excel en ejecución.\\\"\r\n}\r\n''' ScriptOutput=&gt; PowershellOutput\r\nEND FUNCTION\r\n"</Definition>
      <SchemaVersion>2022.07</SchemaVersion>
      <Claims>[{"name":"selfheal"}]</Claims>
      <DesktopFlowModules>[]</DesktopFlowModules>
      <Credentials>[]</Credentials>
      <PrimaryEntity>none</PrimaryEntity>
      <LocalizedNames>
        <LocalizedName languagecode="3082" description="BOTSIGUELO" />
      </LocalizedNames>
    </Workflow>
  </Workflows>
  <FieldSecurityProfiles></FieldSecurityProfiles>
  <Templates />
  <EntityMaps />
  <EntityRelationships />
  <OrganizationSettings />
  <optionsets />
  <CustomControls />
  <EntityDataProviders />
  <Languages>
    <Language>3082</Language>
  </Languages>
</ImportExportXml>