<desktopflowbinary desktopflowbinaryid="849b5ff6-b398-4ebd-8ce6-b8f8d0ce5094">
  <data mimetype="image/png">ControlRepositoryImageFile_849b5ff6-b398-4ebd-8ce6-b8f8d0ce5094.png</data>
  <iscustomizable>1</iscustomizable>
  <metadata>{}</metadata>
  <mimetype>image/png</mimetype>
  <name>Desktop flow ui element screenshot</name>
  <process>
    <workflowid>0a68dde9-3463-4aa3-95fc-97dd70264874</workflowid>
  </process>
  <reference>controlRepo-screenshots\909c6f49-6de7-4d6f-ac05-9237ee6f3ce7.png</reference>
  <statecode>0</statecode>
  <statuscode>1</statuscode>
  <type>ControlRepositoryImageFile</type>
</desktopflowbinary>