<desktopflowbinary desktopflowbinaryid="d5ed1d34-d439-488e-8696-330ebff11527">
  <data mimetype="image/png">ControlRepositoryImageFile_d5ed1d34-d439-488e-8696-330ebff11527.png</data>
  <iscustomizable>1</iscustomizable>
  <metadata>{}</metadata>
  <mimetype>image/png</mimetype>
  <name>Desktop flow ui element screenshot</name>
  <process>
    <workflowid>0a68dde9-3463-4aa3-95fc-97dd70264874</workflowid>
  </process>
  <reference>controlRepo-screenshots\fc70b320-e205-40d8-924f-84146e81fe58.png</reference>
  <statecode>0</statecode>
  <statuscode>1</statuscode>
  <type>ControlRepositoryImageFile</type>
</desktopflowbinary>