<desktopflowbinary desktopflowbinaryid="6c1a699b-307b-4249-9e94-5a5007928fc0">
  <data mimetype="image/png">ControlRepositoryImageFile_6c1a699b-307b-4249-9e94-5a5007928fc0.png</data>
  <iscustomizable>1</iscustomizable>
  <metadata>{}</metadata>
  <mimetype>image/png</mimetype>
  <name>Desktop flow ui element screenshot</name>
  <process>
    <workflowid>0a68dde9-3463-4aa3-95fc-97dd70264874</workflowid>
  </process>
  <reference>controlRepo-screenshots\0c26e250-ae44-416a-a768-d2e17e084c40.png</reference>
  <statecode>0</statecode>
  <statuscode>1</statuscode>
  <type>ControlRepositoryImageFile</type>
</desktopflowbinary>