<desktopflowbinary desktopflowbinaryid="74f10b45-6ec0-4be9-9d4c-8e47246bf746">
  <data mimetype="application/json">ControlRepository_3d097713-6383-463f-ad60-786d80be3b97.json</data>
  <iscustomizable>1</iscustomizable>
  <metadata>{}</metadata>
  <mimetype>application/json</mimetype>
  <name>Desktop flow ui elements</name>
  <process>
    <workflowid>e59ea2eb-6217-45ff-b65c-d2b9461b63f2</workflowid>
  </process>
  <reference>controlRepo.appmask</reference>
  <statecode>0</statecode>
  <statuscode>1</statuscode>
  <type>ControlRepository</type>
</desktopflowbinary>