<desktopflowbinary desktopflowbinaryid="1923ec31-0172-4ff7-9057-1bec10dc32f1">
  <data mimetype="application/json">ControlRepository_ef76ed7d-acb7-4ba0-bc31-1bec49ba2ac5.json</data>
  <iscustomizable>1</iscustomizable>
  <metadata>{}</metadata>
  <mimetype>application/json</mimetype>
  <name>Desktop flow ui elements</name>
  <process>
    <workflowid>0a68dde9-3463-4aa3-95fc-97dd70264874</workflowid>
  </process>
  <reference>controlRepo.appmask</reference>
  <statecode>0</statecode>
  <statuscode>1</statuscode>
  <type>ControlRepository</type>
</desktopflowbinary>