<desktopflowbinary desktopflowbinaryid="b6b939bc-f026-4516-9a64-23d5cf6fb6d1">
  <data mimetype="application/json">ImageRepository_f50b926b-8749-4e6b-8214-8f47ab5e8630.json</data>
  <iscustomizable>1</iscustomizable>
  <metadata>{}</metadata>
  <mimetype>application/json</mimetype>
  <name>Desktop flow images</name>
  <process>
    <workflowid>e59ea2eb-6217-45ff-b65c-d2b9461b63f2</workflowid>
  </process>
  <reference>imageRepo.imgrepo</reference>
  <statecode>0</statecode>
  <statuscode>1</statuscode>
  <type>ImageRepository</type>
</desktopflowbinary>