<desktopflowbinary desktopflowbinaryid="c80e2f28-5ed7-454a-b0b3-ea831adfd222">
  <data mimetype="application/json">ManifestFile_c80e2f28-5ed7-454a-b0b3-ea831adfd222.json</data>
  <iscustomizable>1</iscustomizable>
  <metadata>{}</metadata>
  <mimetype>application/json</mimetype>
  <name>Desktop flow manifest file</name>
  <process>
    <workflowid>0a68dde9-3463-4aa3-95fc-97dd70264874</workflowid>
  </process>
  <reference>flow.manifest</reference>
  <statecode>0</statecode>
  <statuscode>1</statuscode>
  <type>ManifestFile</type>
</desktopflowbinary>