<desktopflowbinary desktopflowbinaryid="c08015ba-21c7-4cbb-97f0-78cc02d62ce0">
  <data mimetype="application/json">DependenciesFile_3de5ffa5-d6b1-4d22-b436-3ea7b66749c3.json</data>
  <iscustomizable>1</iscustomizable>
  <metadata>{}</metadata>
  <mimetype>application/json</mimetype>
  <name>Desktop flow dependencies file</name>
  <process>
    <workflowid>e59ea2eb-6217-45ff-b65c-d2b9461b63f2</workflowid>
  </process>
  <reference>flow.dependencies</reference>
  <statecode>0</statecode>
  <statuscode>1</statuscode>
  <type>DependenciesFile</type>
</desktopflowbinary>