<desktopflowbinary desktopflowbinaryid="97ed2702-6496-42d3-821f-84b17d3d4c55">
  <data mimetype="application/json">ManifestFile_97ed2702-6496-42d3-821f-84b17d3d4c55.json</data>
  <iscustomizable>1</iscustomizable>
  <metadata>{}</metadata>
  <mimetype>application/json</mimetype>
  <name>Desktop flow manifest file</name>
  <process>
    <workflowid>e59ea2eb-6217-45ff-b65c-d2b9461b63f2</workflowid>
  </process>
  <reference>flow.manifest</reference>
  <statecode>0</statecode>
  <statuscode>1</statuscode>
  <type>ManifestFile</type>
</desktopflowbinary>