<desktopflowbinary desktopflowbinaryid="36ccd32e-2735-4749-bfe3-e7f9fec5295d">
  <data mimetype="image/png">ControlRepositoryImageFile_36ccd32e-2735-4749-bfe3-e7f9fec5295d.png</data>
  <iscustomizable>1</iscustomizable>
  <metadata>{}</metadata>
  <mimetype>image/png</mimetype>
  <name>Desktop flow ui element screenshot</name>
  <process>
    <workflowid>0a68dde9-3463-4aa3-95fc-97dd70264874</workflowid>
  </process>
  <reference>controlRepo-screenshots\51e9d35d-99bb-438a-b381-900fcda8f487.png</reference>
  <statecode>0</statecode>
  <statuscode>1</statuscode>
  <type>ControlRepositoryImageFile</type>
</desktopflowbinary>