<desktopflowbinary desktopflowbinaryid="29aab1b5-0cec-4fd7-aec9-32c37ff878ae">
  <data mimetype="image/png">ControlRepositoryImageFile_29aab1b5-0cec-4fd7-aec9-32c37ff878ae.png</data>
  <iscustomizable>1</iscustomizable>
  <metadata>{}</metadata>
  <mimetype>image/png</mimetype>
  <name>Desktop flow ui element screenshot</name>
  <process>
    <workflowid>0a68dde9-3463-4aa3-95fc-97dd70264874</workflowid>
  </process>
  <reference>controlRepo-screenshots\9fc1db89-a914-46c9-93ce-d36555d8e375.png</reference>
  <statecode>0</statecode>
  <statuscode>1</statuscode>
  <type>ControlRepositoryImageFile</type>
</desktopflowbinary>