<desktopflowbinary desktopflowbinaryid="f3a6e855-95ab-4ca7-87b0-bf612a3c2e0c">
  <data mimetype="application/json">DependenciesFile_1de12456-3139-4dbe-8f51-0b518b4a5515.json</data>
  <iscustomizable>1</iscustomizable>
  <metadata>{}</metadata>
  <mimetype>application/json</mimetype>
  <name>Desktop flow dependencies file</name>
  <process>
    <workflowid>0a68dde9-3463-4aa3-95fc-97dd70264874</workflowid>
  </process>
  <reference>flow.dependencies</reference>
  <statecode>0</statecode>
  <statuscode>1</statuscode>
  <type>DependenciesFile</type>
</desktopflowbinary>