<desktopflowbinary desktopflowbinaryid="b63ce552-895f-455e-aef3-378d46ab9502">
  <data mimetype="image/png">ControlRepositoryImageFile_b63ce552-895f-455e-aef3-378d46ab9502.png</data>
  <iscustomizable>1</iscustomizable>
  <metadata>{}</metadata>
  <mimetype>image/png</mimetype>
  <name>Desktop flow ui element screenshot</name>
  <process>
    <workflowid>0a68dde9-3463-4aa3-95fc-97dd70264874</workflowid>
  </process>
  <reference>controlRepo-screenshots\2f060e67-702f-4d2c-96d2-9b4eef808b23.png</reference>
  <statecode>0</statecode>
  <statuscode>1</statuscode>
  <type>ControlRepositoryImageFile</type>
</desktopflowbinary>