<desktopflowbinary desktopflowbinaryid="3cafff2c-b419-448b-b8b7-20558a5677f6">
  <data mimetype="application/json">ImageRepository_523fb621-fa6e-4e44-9513-79d9b63d9820.json</data>
  <iscustomizable>1</iscustomizable>
  <metadata>{}</metadata>
  <mimetype>application/json</mimetype>
  <name>Desktop flow images</name>
  <process>
    <workflowid>0a68dde9-3463-4aa3-95fc-97dd70264874</workflowid>
  </process>
  <reference>imageRepo.imgrepo</reference>
  <statecode>0</statecode>
  <statuscode>1</statuscode>
  <type>ImageRepository</type>
</desktopflowbinary>